"cohort_id","concept_set_id","concept_set_sql","concept_set_name","concept_set_expression"
1,0,"SELECT 0 as codeset_id, c.concept_id FROM (select distinct I.concept_id FROM
( 
  select concept_id from @vocabulary_database_schema.CONCEPT where concept_id in (37395519,761083,36716312,37395521,36716182,37395516,37395518,44809061,36716183,3661748,37395517,44809063,37395514,44809062,37395520)

) I
) C","acute kidney injury","[
 {
 ""concept"": {
 ""CONCEPT_CLASS_ID"": ""Clinical Finding"",
""CONCEPT_CODE"": ""1048511000000103"",
""CONCEPT_ID"":                 37395519,
""CONCEPT_NAME"": ""Acute kidney injury due to acute tubular necrosis due to hypovolaemia with histological evidence"",
""DOMAIN_ID"": ""Condition"",
""INVALID_REASON"": ""V"",
""INVALID_REASON_CAPTION"": ""Valid"",
""STANDARD_CONCEPT"": ""S"",
""STANDARD_CONCEPT_CAPTION"": ""Standard"",
""VOCABULARY_ID"": ""SNOMED"" 
} 
},
{
 ""concept"": {
 ""CONCEPT_CLASS_ID"": ""Clinical Finding"",
""CONCEPT_CODE"": ""14350001000004108"",
""CONCEPT_ID"":                   761083,
""CONCEPT_NAME"": ""Acute injury of kidney"",
""DOMAIN_ID"": ""Condition"",
""INVALID_REASON"": ""V"",
""INVALID_REASON_CAPTION"": ""Valid"",
""STANDARD_CONCEPT"": ""S"",
""STANDARD_CONCEPT_CAPTION"": ""Standard"",
""VOCABULARY_ID"": ""SNOMED"" 
} 
},
{
 ""concept"": {
 ""CONCEPT_CLASS_ID"": ""Clinical Finding"",
""CONCEPT_CODE"": ""722278006"",
""CONCEPT_ID"":                 36716312,
""CONCEPT_NAME"": ""Acute kidney injury due to sepsis"",
""DOMAIN_ID"": ""Condition"",
""INVALID_REASON"": ""V"",
""INVALID_REASON_CAPTION"": ""Valid"",
""STANDARD_CONCEPT"": ""S"",
""STANDARD_CONCEPT_CAPTION"": ""Standard"",
""VOCABULARY_ID"": ""SNOMED"" 
} 
},
{
 ""concept"": {
 ""CONCEPT_CLASS_ID"": ""Clinical Finding"",
""CONCEPT_CODE"": ""1048541000000102"",
""CONCEPT_ID"":                 37395521,
""CONCEPT_NAME"": ""Acute kidney injury due to acute tubular necrosis due to circulatory failure with histological evidence"",
""DOMAIN_ID"": ""Condition"",
""INVALID_REASON"": ""V"",
""INVALID_REASON_CAPTION"": ""Valid"",
""STANDARD_CONCEPT"": ""S"",
""STANDARD_CONCEPT_CAPTION"": ""Standard"",
""VOCABULARY_ID"": ""SNOMED"" 
} 
},
{
 ""concept"": {
 ""CONCEPT_CLASS_ID"": ""Clinical Finding"",
""CONCEPT_CODE"": ""722095005"",
""CONCEPT_ID"":                 36716182,
""CONCEPT_NAME"": ""Acute kidney injury due to circulatory failure"",
""DOMAIN_ID"": ""Condition"",
""INVALID_REASON"": ""V"",
""INVALID_REASON_CAPTION"": ""Valid"",
""STANDARD_CONCEPT"": ""S"",
""STANDARD_CONCEPT_CAPTION"": ""Standard"",
""VOCABULARY_ID"": ""SNOMED"" 
} 
},
{
 ""concept"": {
 ""CONCEPT_CLASS_ID"": ""Clinical Finding"",
""CONCEPT_CODE"": ""1048481000000109"",
""CONCEPT_ID"":                 37395516,
""CONCEPT_NAME"": ""Acute kidney injury due to acute tubular necrosis due to circulatory failure"",
""DOMAIN_ID"": ""Condition"",
""INVALID_REASON"": ""V"",
""INVALID_REASON_CAPTION"": ""Valid"",
""STANDARD_CONCEPT"": ""S"",
""STANDARD_CONCEPT_CAPTION"": ""Standard"",
""VOCABULARY_ID"": ""SNOMED"" 
} 
},
{
 ""concept"": {
 ""CONCEPT_CLASS_ID"": ""Clinical Finding"",
""CONCEPT_CODE"": ""1048501000000100"",
""CONCEPT_ID"":                 37395518,
""CONCEPT_NAME"": ""Acute kidney injury due to acute tubular necrosis with histological evidence"",
""DOMAIN_ID"": ""Condition"",
""INVALID_REASON"": ""V"",
""INVALID_REASON_CAPTION"": ""Valid"",
""STANDARD_CONCEPT"": ""S"",
""STANDARD_CONCEPT_CAPTION"": ""Standard"",
""VOCABULARY_ID"": ""SNOMED"" 
} 
},
{
 ""concept"": {
 ""CONCEPT_CLASS_ID"": ""Clinical Finding"",
""CONCEPT_CODE"": ""851931000000107"",
""CONCEPT_ID"":                 44809061,
""CONCEPT_NAME"": ""Acute kidney injury stage 1"",
""DOMAIN_ID"": ""Condition"",
""INVALID_REASON"": ""V"",
""INVALID_REASON_CAPTION"": ""Valid"",
""STANDARD_CONCEPT"": ""S"",
""STANDARD_CONCEPT_CAPTION"": ""Standard"",
""VOCABULARY_ID"": ""SNOMED"" 
} 
},
{
 ""concept"": {
 ""CONCEPT_CLASS_ID"": ""Clinical Finding"",
""CONCEPT_CODE"": ""722096006"",
""CONCEPT_ID"":                 36716183,
""CONCEPT_NAME"": ""Acute kidney injury due to hypovolemia"",
""DOMAIN_ID"": ""Condition"",
""INVALID_REASON"": ""V"",
""INVALID_REASON_CAPTION"": ""Valid"",
""STANDARD_CONCEPT"": ""S"",
""STANDARD_CONCEPT_CAPTION"": ""Standard"",
""VOCABULARY_ID"": ""SNOMED"" 
} 
},
{
 ""concept"": {
 ""CONCEPT_CLASS_ID"": ""Clinical Finding"",
""CONCEPT_CODE"": ""870589006"",
""CONCEPT_ID"":                  3661748,
""CONCEPT_NAME"": ""Acute kidney injury due to disease caused by Severe acute respiratory syndrome coronavirus 2"",
""DOMAIN_ID"": ""Condition"",
""INVALID_REASON"": ""V"",
""INVALID_REASON_CAPTION"": ""Valid"",
""STANDARD_CONCEPT"": ""S"",
""STANDARD_CONCEPT_CAPTION"": ""Standard"",
""VOCABULARY_ID"": ""SNOMED"" 
} 
},
{
 ""concept"": {
 ""CONCEPT_CLASS_ID"": ""Clinical Finding"",
""CONCEPT_CODE"": ""1048491000000106"",
""CONCEPT_ID"":                 37395517,
""CONCEPT_NAME"": ""Acute kidney injury due to acute tubular necrosis due to sepsis"",
""DOMAIN_ID"": ""Condition"",
""INVALID_REASON"": ""V"",
""INVALID_REASON_CAPTION"": ""Valid"",
""STANDARD_CONCEPT"": ""S"",
""STANDARD_CONCEPT_CAPTION"": ""Standard"",
""VOCABULARY_ID"": ""SNOMED"" 
} 
},
{
 ""concept"": {
 ""CONCEPT_CLASS_ID"": ""Clinical Finding"",
""CONCEPT_CODE"": ""851951000000100"",
""CONCEPT_ID"":                 44809063,
""CONCEPT_NAME"": ""Acute kidney injury stage 3"",
""DOMAIN_ID"": ""Condition"",
""INVALID_REASON"": ""V"",
""INVALID_REASON_CAPTION"": ""Valid"",
""STANDARD_CONCEPT"": ""S"",
""STANDARD_CONCEPT_CAPTION"": ""Standard"",
""VOCABULARY_ID"": ""SNOMED"" 
} 
},
{
 ""concept"": {
 ""CONCEPT_CLASS_ID"": ""Clinical Finding"",
""CONCEPT_CODE"": ""1048451000000103"",
""CONCEPT_ID"":                 37395514,
""CONCEPT_NAME"": ""Acute kidney injury due to acute tubular necrosis due to hypovolaemia"",
""DOMAIN_ID"": ""Condition"",
""INVALID_REASON"": ""V"",
""INVALID_REASON_CAPTION"": ""Valid"",
""STANDARD_CONCEPT"": ""S"",
""STANDARD_CONCEPT_CAPTION"": ""Standard"",
""VOCABULARY_ID"": ""SNOMED"" 
} 
},
{
 ""concept"": {
 ""CONCEPT_CLASS_ID"": ""Clinical Finding"",
""CONCEPT_CODE"": ""851941000000103"",
""CONCEPT_ID"":                 44809062,
""CONCEPT_NAME"": ""Acute kidney injury stage 2"",
""DOMAIN_ID"": ""Condition"",
""INVALID_REASON"": ""V"",
""INVALID_REASON_CAPTION"": ""Valid"",
""STANDARD_CONCEPT"": ""S"",
""STANDARD_CONCEPT_CAPTION"": ""Standard"",
""VOCABULARY_ID"": ""SNOMED"" 
} 
},
{
 ""concept"": {
 ""CONCEPT_CLASS_ID"": ""Clinical Finding"",
""CONCEPT_CODE"": ""1048521000000109"",
""CONCEPT_ID"":                 37395520,
""CONCEPT_NAME"": ""Acute kidney injury due to acute tubular necrosis due to sepsis with histological evidence"",
""DOMAIN_ID"": ""Condition"",
""INVALID_REASON"": ""V"",
""INVALID_REASON_CAPTION"": ""Valid"",
""STANDARD_CONCEPT"": ""S"",
""STANDARD_CONCEPT_CAPTION"": ""Standard"",
""VOCABULARY_ID"": ""SNOMED"" 
} 
} 
]"
2,0,"SELECT 0 as codeset_id, c.concept_id FROM (select distinct I.concept_id FROM
( 
  select concept_id from @vocabulary_database_schema.CONCEPT where concept_id in (3654680,4340964,4340496,36675120,4185268,4192249,4082334,4088042,4026158,763030,4340960,4303234,4262937,37110323,4340962,199074,36715932,4124691,36716714,36716513,4340961,4319446,4243504,4211348,4102255,36716715,4342866,4341765,4341764,4026157,4121819,4340494,40490446,4341763,45757494,195596,40483827,4147231,4125494,4262809,46274136,4309439,4241838,4340493,3655446,4192640,196628,4337316,44806251,35624505,4341073,4340963)

) I
) C","pancreatitis","[
 {
 ""concept"": {
 ""CONCEPT_CLASS_ID"": ""Clinical Finding"",
""CONCEPT_CODE"": ""838375006"",
""CONCEPT_ID"":                  3654680,
""CONCEPT_NAME"": ""Chronic infectious pancreatitis"",
""DOMAIN_ID"": ""Condition"",
""INVALID_REASON"": ""V"",
""INVALID_REASON_CAPTION"": ""Valid"",
""STANDARD_CONCEPT"": ""S"",
""STANDARD_CONCEPT_CAPTION"": ""Standard"",
""VOCABULARY_ID"": ""SNOMED"" 
} 
},
{
 ""concept"": {
 ""CONCEPT_CLASS_ID"": ""Clinical Finding"",
""CONCEPT_CODE"": ""235952002"",
""CONCEPT_ID"":                  4340964,
""CONCEPT_NAME"": ""Alcohol-induced chronic pancreatitis"",
""DOMAIN_ID"": ""Condition"",
""INVALID_REASON"": ""V"",
""INVALID_REASON_CAPTION"": ""Valid"",
""STANDARD_CONCEPT"": ""S"",
""STANDARD_CONCEPT_CAPTION"": ""Standard"",
""VOCABULARY_ID"": ""SNOMED"" 
} 
},
{
 ""concept"": {
 ""CONCEPT_CLASS_ID"": ""Clinical Finding"",
""CONCEPT_CODE"": ""235953007"",
""CONCEPT_ID"":                  4340496,
""CONCEPT_NAME"": ""Idiopathic chronic pancreatitis"",
""DOMAIN_ID"": ""Condition"",
""INVALID_REASON"": ""V"",
""INVALID_REASON_CAPTION"": ""Valid"",
""STANDARD_CONCEPT"": ""S"",
""STANDARD_CONCEPT_CAPTION"": ""Standard"",
""VOCABULARY_ID"": ""SNOMED"" 
} 
},
{
 ""concept"": {
 ""CONCEPT_CLASS_ID"": ""Clinical Finding"",
""CONCEPT_CODE"": ""771446000"",
""CONCEPT_ID"":                 36675120,
""CONCEPT_NAME"": ""Follicular cholangitis and pancreatitis"",
""DOMAIN_ID"": ""Condition"",
""INVALID_REASON"": ""V"",
""INVALID_REASON_CAPTION"": ""Valid"",
""STANDARD_CONCEPT"": ""S"",
""STANDARD_CONCEPT_CAPTION"": ""Standard"",
""VOCABULARY_ID"": ""SNOMED"" 
} 
},
{
 ""concept"": {
 ""CONCEPT_CLASS_ID"": ""Clinical Finding"",
""CONCEPT_CODE"": ""4399003"",
""CONCEPT_ID"":                  4185268,
""CONCEPT_NAME"": ""Acute hemorrhagic pancreatitis"",
""DOMAIN_ID"": ""Condition"",
""INVALID_REASON"": ""V"",
""INVALID_REASON_CAPTION"": ""Valid"",
""STANDARD_CONCEPT"": ""S"",
""STANDARD_CONCEPT_CAPTION"": ""Standard"",
""VOCABULARY_ID"": ""SNOMED"" 
} 
},
{
 ""concept"": {
 ""CONCEPT_CLASS_ID"": ""Clinical Finding"",
""CONCEPT_CODE"": ""74973004"",
""CONCEPT_ID"":                  4192249,
""CONCEPT_NAME"": ""Chronic fibrosing pancreatitis"",
""DOMAIN_ID"": ""Condition"",
""INVALID_REASON"": ""V"",
""INVALID_REASON_CAPTION"": ""Valid"",
""STANDARD_CONCEPT"": ""S"",
""STANDARD_CONCEPT_CAPTION"": ""Standard"",
""VOCABULARY_ID"": ""SNOMED"" 
} 
},
{
 ""concept"": {
 ""CONCEPT_CLASS_ID"": ""Clinical Finding"",
""CONCEPT_CODE"": ""277537008"",
""CONCEPT_ID"":                  4082334,
""CONCEPT_NAME"": ""Post-ERCP acute pancreatitis"",
""DOMAIN_ID"": ""Condition"",
""INVALID_REASON"": ""V"",
""INVALID_REASON_CAPTION"": ""Valid"",
""STANDARD_CONCEPT"": ""S"",
""STANDARD_CONCEPT_CAPTION"": ""Standard"",
""VOCABULARY_ID"": ""SNOMED"" 
} 
},
{
 ""concept"": {
 ""CONCEPT_CLASS_ID"": ""Clinical Finding"",
""CONCEPT_CODE"": ""24407009"",
""CONCEPT_ID"":                  4088042,
""CONCEPT_NAME"": ""Suppurative pancreatitis"",
""DOMAIN_ID"": ""Condition"",
""INVALID_REASON"": ""V"",
""INVALID_REASON_CAPTION"": ""Valid"",
""STANDARD_CONCEPT"": ""S"",
""STANDARD_CONCEPT_CAPTION"": ""Standard"",
""VOCABULARY_ID"": ""SNOMED"" 
} 
},
{
 ""concept"": {
 ""CONCEPT_CLASS_ID"": ""Clinical Finding"",
""CONCEPT_CODE"": ""197460005"",
""CONCEPT_ID"":                  4026158,
""CONCEPT_NAME"": ""Acute suppurative pancreatitis"",
""DOMAIN_ID"": ""Condition"",
""INVALID_REASON"": ""V"",
""INVALID_REASON_CAPTION"": ""Valid"",
""STANDARD_CONCEPT"": ""S"",
""STANDARD_CONCEPT_CAPTION"": ""Standard"",
""VOCABULARY_ID"": ""SNOMED"" 
} 
},
{
 ""concept"": {
 ""CONCEPT_CLASS_ID"": ""Clinical Finding"",
""CONCEPT_CODE"": ""435211000124107"",
""CONCEPT_ID"":                   763030,
""CONCEPT_NAME"": ""Calculus of common bile duct with acute pancreatitis"",
""DOMAIN_ID"": ""Condition"",
""INVALID_REASON"": ""V"",
""INVALID_REASON_CAPTION"": ""Valid"",
""STANDARD_CONCEPT"": ""S"",
""STANDARD_CONCEPT_CAPTION"": ""Standard"",
""VOCABULARY_ID"": ""SNOMED"" 
} 
},
{
 ""concept"": {
 ""CONCEPT_CLASS_ID"": ""Clinical Finding"",
""CONCEPT_CODE"": ""235943006"",
""CONCEPT_ID"":                  4340960,
""CONCEPT_NAME"": ""Idiopathic acute pancreatitis"",
""DOMAIN_ID"": ""Condition"",
""INVALID_REASON"": ""V"",
""INVALID_REASON_CAPTION"": ""Valid"",
""STANDARD_CONCEPT"": ""S"",
""STANDARD_CONCEPT_CAPTION"": ""Standard"",
""VOCABULARY_ID"": ""SNOMED"" 
} 
},
{
 ""concept"": {
 ""CONCEPT_CLASS_ID"": ""Clinical Finding"",
""CONCEPT_CODE"": ""7881005"",
""CONCEPT_ID"":                  4303234,
""CONCEPT_NAME"": ""Acute necrotizing pancreatitis"",
""DOMAIN_ID"": ""Condition"",
""INVALID_REASON"": ""V"",
""INVALID_REASON_CAPTION"": ""Valid"",
""STANDARD_CONCEPT"": ""S"",
""STANDARD_CONCEPT_CAPTION"": ""Standard"",
""VOCABULARY_ID"": ""SNOMED"" 
} 
},
{
 ""concept"": {
 ""CONCEPT_CLASS_ID"": ""Clinical Finding"",
""CONCEPT_CODE"": ""44636008"",
""CONCEPT_ID"":                  4262937,
""CONCEPT_NAME"": ""Interstitial pancreatitis"",
""DOMAIN_ID"": ""Condition"",
""INVALID_REASON"": ""V"",
""INVALID_REASON_CAPTION"": ""Valid"",
""STANDARD_CONCEPT"": ""S"",
""STANDARD_CONCEPT_CAPTION"": ""Standard"",
""VOCABULARY_ID"": ""SNOMED"" 
} 
},
{
 ""concept"": {
 ""CONCEPT_CLASS_ID"": ""Clinical Finding"",
""CONCEPT_CODE"": ""724540009"",
""CONCEPT_ID"":                 37110323,
""CONCEPT_NAME"": ""Tropical calcific chronic pancreatitis"",
""DOMAIN_ID"": ""Condition"",
""INVALID_REASON"": ""V"",
""INVALID_REASON_CAPTION"": ""Valid"",
""STANDARD_CONCEPT"": ""S"",
""STANDARD_CONCEPT_CAPTION"": ""Standard"",
""VOCABULARY_ID"": ""SNOMED"" 
} 
},
{
 ""concept"": {
 ""CONCEPT_CLASS_ID"": ""Clinical Finding"",
""CONCEPT_CODE"": ""235947007"",
""CONCEPT_ID"":                  4340962,
""CONCEPT_NAME"": ""Cytomegaloviral pancreatitis"",
""DOMAIN_ID"": ""Condition"",
""INVALID_REASON"": ""V"",
""INVALID_REASON_CAPTION"": ""Valid"",
""STANDARD_CONCEPT"": ""S"",
""STANDARD_CONCEPT_CAPTION"": ""Standard"",
""VOCABULARY_ID"": ""SNOMED"" 
} 
},
{
 ""concept"": {
 ""CONCEPT_CLASS_ID"": ""Clinical Finding"",
""CONCEPT_CODE"": ""197456007"",
""CONCEPT_ID"":                   199074,
""CONCEPT_NAME"": ""Acute pancreatitis"",
""DOMAIN_ID"": ""Condition"",
""INVALID_REASON"": ""V"",
""INVALID_REASON_CAPTION"": ""Valid"",
""STANDARD_CONCEPT"": ""S"",
""STANDARD_CONCEPT_CAPTION"": ""Standard"",
""VOCABULARY_ID"": ""SNOMED"" 
} 
},
{
 ""concept"": {
 ""CONCEPT_CLASS_ID"": ""Clinical Finding"",
""CONCEPT_CODE"": ""721724009"",
""CONCEPT_ID"":                 36715932,
""CONCEPT_NAME"": ""Acute on chronic pancreatitis"",
""DOMAIN_ID"": ""Condition"",
""INVALID_REASON"": ""V"",
""INVALID_REASON_CAPTION"": ""Valid"",
""STANDARD_CONCEPT"": ""S"",
""STANDARD_CONCEPT_CAPTION"": ""Standard"",
""VOCABULARY_ID"": ""SNOMED"" 
} 
},
{
 ""concept"": {
 ""CONCEPT_CLASS_ID"": ""Clinical Finding"",
""CONCEPT_CODE"": ""233870001"",
""CONCEPT_ID"":                  4124691,
""CONCEPT_NAME"": ""Recurrent pancreatitis"",
""DOMAIN_ID"": ""Condition"",
""INVALID_REASON"": ""V"",
""INVALID_REASON_CAPTION"": ""Valid"",
""STANDARD_CONCEPT"": ""S"",
""STANDARD_CONCEPT_CAPTION"": ""Standard"",
""VOCABULARY_ID"": ""SNOMED"" 
} 
},
{
 ""concept"": {
 ""CONCEPT_CLASS_ID"": ""Clinical Finding"",
""CONCEPT_CODE"": ""722871007"",
""CONCEPT_ID"":                 36716714,
""CONCEPT_NAME"": ""Groove pancreatitis"",
""DOMAIN_ID"": ""Condition"",
""INVALID_REASON"": ""V"",
""INVALID_REASON_CAPTION"": ""Valid"",
""STANDARD_CONCEPT"": ""S"",
""STANDARD_CONCEPT_CAPTION"": ""Standard"",
""VOCABULARY_ID"": ""SNOMED"" 
} 
},
{
 ""concept"": {
 ""CONCEPT_CLASS_ID"": ""Clinical Finding"",
""CONCEPT_CODE"": ""722544004"",
""CONCEPT_ID"":                 36716513,
""CONCEPT_NAME"": ""Pancreatitis due to pancreatic duct obstruction"",
""DOMAIN_ID"": ""Condition"",
""INVALID_REASON"": ""V"",
""INVALID_REASON_CAPTION"": ""Valid"",
""STANDARD_CONCEPT"": ""S"",
""STANDARD_CONCEPT_CAPTION"": ""Standard"",
""VOCABULARY_ID"": ""SNOMED"" 
} 
},
{
 ""concept"": {
 ""CONCEPT_CLASS_ID"": ""Clinical Finding"",
""CONCEPT_CODE"": ""235944000"",
""CONCEPT_ID"":                  4340961,
""CONCEPT_NAME"": ""Drug-induced acute pancreatitis"",
""DOMAIN_ID"": ""Condition"",
""INVALID_REASON"": ""V"",
""INVALID_REASON_CAPTION"": ""Valid"",
""STANDARD_CONCEPT"": ""S"",
""STANDARD_CONCEPT_CAPTION"": ""Standard"",
""VOCABULARY_ID"": ""SNOMED"" 
} 
},
{
 ""concept"": {
 ""CONCEPT_CLASS_ID"": ""Clinical Finding"",
""CONCEPT_CODE"": ""95563007"",
""CONCEPT_ID"":                  4319446,
""CONCEPT_NAME"": ""Gallstone pancreatitis"",
""DOMAIN_ID"": ""Condition"",
""INVALID_REASON"": ""V"",
""INVALID_REASON_CAPTION"": ""Valid"",
""STANDARD_CONCEPT"": ""S"",
""STANDARD_CONCEPT_CAPTION"": ""Standard"",
""VOCABULARY_ID"": ""SNOMED"" 
} 
},
{
 ""concept"": {
 ""CONCEPT_CLASS_ID"": ""Clinical Finding"",
""CONCEPT_CODE"": ""59154002"",
""CONCEPT_ID"":                  4243504,
""CONCEPT_NAME"": ""Subacute pancreatitis"",
""DOMAIN_ID"": ""Condition"",
""INVALID_REASON"": ""V"",
""INVALID_REASON_CAPTION"": ""Valid"",
""STANDARD_CONCEPT"": ""S"",
""STANDARD_CONCEPT_CAPTION"": ""Standard"",
""VOCABULARY_ID"": ""SNOMED"" 
} 
},
{
 ""concept"": {
 ""CONCEPT_CLASS_ID"": ""Clinical Finding"",
""CONCEPT_CODE"": ""413566007"",
""CONCEPT_ID"":                  4211348,
""CONCEPT_NAME"": ""Aplastic anemia associated with pancreatitis"",
""DOMAIN_ID"": ""Condition"",
""INVALID_REASON"": ""V"",
""INVALID_REASON_CAPTION"": ""Valid"",
""STANDARD_CONCEPT"": ""S"",
""STANDARD_CONCEPT_CAPTION"": ""Standard"",
""VOCABULARY_ID"": ""SNOMED"" 
} 
},
{
 ""concept"": {
 ""CONCEPT_CLASS_ID"": ""Clinical Finding"",
""CONCEPT_CODE"": ""301009006"",
""CONCEPT_ID"":                  4102255,
""CONCEPT_NAME"": ""Calcific chronic pancreatitis"",
""DOMAIN_ID"": ""Condition"",
""INVALID_REASON"": ""V"",
""INVALID_REASON_CAPTION"": ""Valid"",
""STANDARD_CONCEPT"": ""S"",
""STANDARD_CONCEPT_CAPTION"": ""Standard"",
""VOCABULARY_ID"": ""SNOMED"" 
} 
},
{
 ""concept"": {
 ""CONCEPT_CLASS_ID"": ""Clinical Finding"",
""CONCEPT_CODE"": ""722872000"",
""CONCEPT_ID"":                 36716715,
""CONCEPT_NAME"": ""Autoimmune pancreatitis type 1"",
""DOMAIN_ID"": ""Condition"",
""INVALID_REASON"": ""V"",
""INVALID_REASON_CAPTION"": ""Valid"",
""STANDARD_CONCEPT"": ""S"",
""STANDARD_CONCEPT_CAPTION"": ""Standard"",
""VOCABULARY_ID"": ""SNOMED"" 
} 
},
{
 ""concept"": {
 ""CONCEPT_CLASS_ID"": ""Clinical Finding"",
""CONCEPT_CODE"": ""235954001"",
""CONCEPT_ID"":                  4342866,
""CONCEPT_NAME"": ""Obstructive chronic pancreatitis"",
""DOMAIN_ID"": ""Condition"",
""INVALID_REASON"": ""V"",
""INVALID_REASON_CAPTION"": ""Valid"",
""STANDARD_CONCEPT"": ""S"",
""STANDARD_CONCEPT_CAPTION"": ""Standard"",
""VOCABULARY_ID"": ""SNOMED"" 
} 
},
{
 ""concept"": {
 ""CONCEPT_CLASS_ID"": ""Clinical Finding"",
""CONCEPT_CODE"": ""235946003"",
""CONCEPT_ID"":                  4341765,
""CONCEPT_NAME"": ""Viral acute pancreatitis"",
""DOMAIN_ID"": ""Condition"",
""INVALID_REASON"": ""V"",
""INVALID_REASON_CAPTION"": ""Valid"",
""STANDARD_CONCEPT"": ""S"",
""STANDARD_CONCEPT_CAPTION"": ""Standard"",
""VOCABULARY_ID"": ""SNOMED"" 
} 
},
{
 ""concept"": {
 ""CONCEPT_CLASS_ID"": ""Clinical Finding"",
""CONCEPT_CODE"": ""235945004"",
""CONCEPT_ID"":                  4341764,
""CONCEPT_NAME"": ""Acute pancreatitis due to infection"",
""DOMAIN_ID"": ""Condition"",
""INVALID_REASON"": ""V"",
""INVALID_REASON_CAPTION"": ""Valid"",
""STANDARD_CONCEPT"": ""S"",
""STANDARD_CONCEPT_CAPTION"": ""Standard"",
""VOCABULARY_ID"": ""SNOMED"" 
} 
},
{
 ""concept"": {
 ""CONCEPT_CLASS_ID"": ""Clinical Finding"",
""CONCEPT_CODE"": ""197458008"",
""CONCEPT_ID"":                  4026157,
""CONCEPT_NAME"": ""Acute recurrent pancreatitis"",
""DOMAIN_ID"": ""Condition"",
""INVALID_REASON"": ""V"",
""INVALID_REASON_CAPTION"": ""Valid"",
""STANDARD_CONCEPT"": ""S"",
""STANDARD_CONCEPT_CAPTION"": ""Standard"",
""VOCABULARY_ID"": ""SNOMED"" 
} 
},
{
 ""concept"": {
 ""CONCEPT_CLASS_ID"": ""Clinical Finding"",
""CONCEPT_CODE"": ""234689009"",
""CONCEPT_ID"":                  4121819,
""CONCEPT_NAME"": ""Relapsing pancreatitis"",
""DOMAIN_ID"": ""Condition"",
""INVALID_REASON"": ""V"",
""INVALID_REASON_CAPTION"": ""Valid"",
""STANDARD_CONCEPT"": ""S"",
""STANDARD_CONCEPT_CAPTION"": ""Standard"",
""VOCABULARY_ID"": ""SNOMED"" 
} 
},
{
 ""concept"": {
 ""CONCEPT_CLASS_ID"": ""Clinical Finding"",
""CONCEPT_CODE"": ""235948002"",
""CONCEPT_ID"":                  4340494,
""CONCEPT_NAME"": ""Postoperative acute pancreatitis"",
""DOMAIN_ID"": ""Condition"",
""INVALID_REASON"": ""V"",
""INVALID_REASON_CAPTION"": ""Valid"",
""STANDARD_CONCEPT"": ""S"",
""STANDARD_CONCEPT_CAPTION"": ""Standard"",
""VOCABULARY_ID"": ""SNOMED"" 
} 
},
{
 ""concept"": {
 ""CONCEPT_CLASS_ID"": ""Clinical Finding"",
""CONCEPT_CODE"": ""448542008"",
""CONCEPT_ID"":                 40490446,
""CONCEPT_NAME"": ""Autoimmune pancreatitis"",
""DOMAIN_ID"": ""Condition"",
""INVALID_REASON"": ""V"",
""INVALID_REASON_CAPTION"": ""Valid"",
""STANDARD_CONCEPT"": ""S"",
""STANDARD_CONCEPT_CAPTION"": ""Standard"",
""VOCABULARY_ID"": ""SNOMED"" 
} 
},
{
 ""concept"": {
 ""CONCEPT_CLASS_ID"": ""Clinical Finding"",
""CONCEPT_CODE"": ""235941008"",
""CONCEPT_ID"":                  4341763,
""CONCEPT_NAME"": ""Gallstone acute pancreatitis"",
""DOMAIN_ID"": ""Condition"",
""INVALID_REASON"": ""V"",
""INVALID_REASON_CAPTION"": ""Valid"",
""STANDARD_CONCEPT"": ""S"",
""STANDARD_CONCEPT_CAPTION"": ""Standard"",
""VOCABULARY_ID"": ""SNOMED"" 
} 
},
{
 ""concept"": {
 ""CONCEPT_CLASS_ID"": ""Clinical Finding"",
""CONCEPT_CODE"": ""154211000119108"",
""CONCEPT_ID"":                 45757494,
""CONCEPT_NAME"": ""Chronic pancreatitis due to chronic alcoholism"",
""DOMAIN_ID"": ""Condition"",
""INVALID_REASON"": ""V"",
""INVALID_REASON_CAPTION"": ""Valid"",
""STANDARD_CONCEPT"": ""S"",
""STANDARD_CONCEPT_CAPTION"": ""Standard"",
""VOCABULARY_ID"": ""SNOMED"" 
} 
},
{
 ""concept"": {
 ""CONCEPT_CLASS_ID"": ""Clinical Finding"",
""CONCEPT_CODE"": ""235494005"",
""CONCEPT_ID"":                   195596,
""CONCEPT_NAME"": ""Chronic pancreatitis"",
""DOMAIN_ID"": ""Condition"",
""INVALID_REASON"": ""V"",
""INVALID_REASON_CAPTION"": ""Valid"",
""STANDARD_CONCEPT"": ""S"",
""STANDARD_CONCEPT_CAPTION"": ""Standard"",
""VOCABULARY_ID"": ""SNOMED"" 
} 
},
{
 ""concept"": {
 ""CONCEPT_CLASS_ID"": ""Clinical Finding"",
""CONCEPT_CODE"": ""445507008"",
""CONCEPT_ID"":                 40483827,
""CONCEPT_NAME"": ""Alcohol-induced pancreatitis"",
""DOMAIN_ID"": ""Condition"",
""INVALID_REASON"": ""V"",
""INVALID_REASON_CAPTION"": ""Valid"",
""STANDARD_CONCEPT"": ""S"",
""STANDARD_CONCEPT_CAPTION"": ""Standard"",
""VOCABULARY_ID"": ""SNOMED"" 
} 
},
{
 ""concept"": {
 ""CONCEPT_CLASS_ID"": ""Clinical Finding"",
""CONCEPT_CODE"": ""303002"",
""CONCEPT_ID"":                  4147231,
""CONCEPT_NAME"": ""Apoplectic pancreatitis"",
""DOMAIN_ID"": ""Condition"",
""INVALID_REASON"": ""V"",
""INVALID_REASON_CAPTION"": ""Valid"",
""STANDARD_CONCEPT"": ""S"",
""STANDARD_CONCEPT_CAPTION"": ""Standard"",
""VOCABULARY_ID"": ""SNOMED"" 
} 
},
{
 ""concept"": {
 ""CONCEPT_CLASS_ID"": ""Clinical Finding"",
""CONCEPT_CODE"": ""234367000"",
""CONCEPT_ID"":                  4125494,
""CONCEPT_NAME"": ""Pancytopenia with pancreatitis"",
""DOMAIN_ID"": ""Condition"",
""INVALID_REASON"": ""V"",
""INVALID_REASON_CAPTION"": ""Valid"",
""STANDARD_CONCEPT"": ""S"",
""STANDARD_CONCEPT_CAPTION"": ""Standard"",
""VOCABULARY_ID"": ""SNOMED"" 
} 
},
{
 ""concept"": {
 ""CONCEPT_CLASS_ID"": ""Clinical Finding"",
""CONCEPT_CODE"": ""46626002"",
""CONCEPT_ID"":                  4262809,
""CONCEPT_NAME"": ""Subcutaneous nodular fat necrosis in pancreatitis"",
""DOMAIN_ID"": ""Condition"",
""INVALID_REASON"": ""V"",
""INVALID_REASON_CAPTION"": ""Valid"",
""STANDARD_CONCEPT"": ""S"",
""STANDARD_CONCEPT_CAPTION"": ""Standard"",
""VOCABULARY_ID"": ""SNOMED"" 
} 
},
{
 ""concept"": {
 ""CONCEPT_CLASS_ID"": ""Clinical Finding"",
""CONCEPT_CODE"": ""96081000119101"",
""CONCEPT_ID"":                 46274136,
""CONCEPT_NAME"": ""Acute pancreatitis due to common bile duct calculus"",
""DOMAIN_ID"": ""Condition"",
""INVALID_REASON"": ""V"",
""INVALID_REASON_CAPTION"": ""Valid"",
""STANDARD_CONCEPT"": ""S"",
""STANDARD_CONCEPT_CAPTION"": ""Standard"",
""VOCABULARY_ID"": ""SNOMED"" 
} 
},
{
 ""concept"": {
 ""CONCEPT_CLASS_ID"": ""Clinical Finding"",
""CONCEPT_CODE"": ""39205007"",
""CONCEPT_ID"":                  4309439,
""CONCEPT_NAME"": ""Infectious pancreatitis"",
""DOMAIN_ID"": ""Condition"",
""INVALID_REASON"": ""V"",
""INVALID_REASON_CAPTION"": ""Valid"",
""STANDARD_CONCEPT"": ""S"",
""STANDARD_CONCEPT_CAPTION"": ""Standard"",
""VOCABULARY_ID"": ""SNOMED"" 
} 
},
{
 ""concept"": {
 ""CONCEPT_CLASS_ID"": ""Clinical Finding"",
""CONCEPT_CODE"": ""59329007"",
""CONCEPT_ID"":                  4241838,
""CONCEPT_NAME"": ""Metabolic pancreatitis"",
""DOMAIN_ID"": ""Condition"",
""INVALID_REASON"": ""V"",
""INVALID_REASON_CAPTION"": ""Valid"",
""STANDARD_CONCEPT"": ""S"",
""STANDARD_CONCEPT_CAPTION"": ""Standard"",
""VOCABULARY_ID"": ""SNOMED"" 
} 
},
{
 ""concept"": {
 ""CONCEPT_CLASS_ID"": ""Clinical Finding"",
""CONCEPT_CODE"": ""235942001"",
""CONCEPT_ID"":                  4340493,
""CONCEPT_NAME"": ""Alcohol-induced acute pancreatitis"",
""DOMAIN_ID"": ""Condition"",
""INVALID_REASON"": ""V"",
""INVALID_REASON_CAPTION"": ""Valid"",
""STANDARD_CONCEPT"": ""S"",
""STANDARD_CONCEPT_CAPTION"": ""Standard"",
""VOCABULARY_ID"": ""SNOMED"" 
} 
},
{
 ""concept"": {
 ""CONCEPT_CLASS_ID"": ""Clinical Finding"",
""CONCEPT_CODE"": ""863978006"",
""CONCEPT_ID"":                  3655446,
""CONCEPT_NAME"": ""Pleural effusion due to pancreatitis"",
""DOMAIN_ID"": ""Condition"",
""INVALID_REASON"": ""V"",
""INVALID_REASON_CAPTION"": ""Valid"",
""STANDARD_CONCEPT"": ""S"",
""STANDARD_CONCEPT_CAPTION"": ""Standard"",
""VOCABULARY_ID"": ""SNOMED"" 
} 
},
{
 ""concept"": {
 ""CONCEPT_CLASS_ID"": ""Clinical Finding"",
""CONCEPT_CODE"": ""75694006"",
""CONCEPT_ID"":                  4192640,
""CONCEPT_NAME"": ""Pancreatitis"",
""DOMAIN_ID"": ""Condition"",
""INVALID_REASON"": ""V"",
""INVALID_REASON_CAPTION"": ""Valid"",
""STANDARD_CONCEPT"": ""S"",
""STANDARD_CONCEPT_CAPTION"": ""Standard"",
""VOCABULARY_ID"": ""SNOMED"" 
} 
},
{
 ""concept"": {
 ""CONCEPT_CLASS_ID"": ""Clinical Finding"",
""CONCEPT_CODE"": ""10665004"",
""CONCEPT_ID"":                   196628,
""CONCEPT_NAME"": ""Mumps pancreatitis"",
""DOMAIN_ID"": ""Condition"",
""INVALID_REASON"": ""V"",
""INVALID_REASON_CAPTION"": ""Valid"",
""STANDARD_CONCEPT"": ""S"",
""STANDARD_CONCEPT_CAPTION"": ""Standard"",
""VOCABULARY_ID"": ""SNOMED"" 
} 
},
{
 ""concept"": {
 ""CONCEPT_CLASS_ID"": ""Clinical Finding"",
""CONCEPT_CODE"": ""233005009"",
""CONCEPT_ID"":                  4337316,
""CONCEPT_NAME"": ""Painless pancreatitis"",
""DOMAIN_ID"": ""Condition"",
""INVALID_REASON"": ""V"",
""INVALID_REASON_CAPTION"": ""Valid"",
""STANDARD_CONCEPT"": ""S"",
""STANDARD_CONCEPT_CAPTION"": ""Standard"",
""VOCABULARY_ID"": ""SNOMED"" 
} 
},
{
 ""concept"": {
 ""CONCEPT_CLASS_ID"": ""Clinical Finding"",
""CONCEPT_CODE"": ""811431000000107"",
""CONCEPT_ID"":                 44806251,
""CONCEPT_NAME"": ""Biliary acute pancreatitis"",
""DOMAIN_ID"": ""Condition"",
""INVALID_REASON"": ""V"",
""INVALID_REASON_CAPTION"": ""Valid"",
""STANDARD_CONCEPT"": ""S"",
""STANDARD_CONCEPT_CAPTION"": ""Standard"",
""VOCABULARY_ID"": ""SNOMED"" 
} 
},
{
 ""concept"": {
 ""CONCEPT_CLASS_ID"": ""Clinical Finding"",
""CONCEPT_CODE"": ""767291004"",
""CONCEPT_ID"":                 35624505,
""CONCEPT_NAME"": ""Chronic pancreatitis due to acute alcohol intoxication"",
""DOMAIN_ID"": ""Condition"",
""INVALID_REASON"": ""V"",
""INVALID_REASON_CAPTION"": ""Valid"",
""STANDARD_CONCEPT"": ""S"",
""STANDARD_CONCEPT_CAPTION"": ""Standard"",
""VOCABULARY_ID"": ""SNOMED"" 
} 
},
{
 ""concept"": {
 ""CONCEPT_CLASS_ID"": ""Clinical Finding"",
""CONCEPT_CODE"": ""235955000"",
""CONCEPT_ID"":                  4341073,
""CONCEPT_NAME"": ""Drug-induced chronic pancreatitis"",
""DOMAIN_ID"": ""Condition"",
""INVALID_REASON"": ""V"",
""INVALID_REASON_CAPTION"": ""Valid"",
""STANDARD_CONCEPT"": ""S"",
""STANDARD_CONCEPT_CAPTION"": ""Standard"",
""VOCABULARY_ID"": ""SNOMED"" 
} 
},
{
 ""concept"": {
 ""CONCEPT_CLASS_ID"": ""Clinical Finding"",
""CONCEPT_CODE"": ""235951009"",
""CONCEPT_ID"":                  4340963,
""CONCEPT_NAME"": ""Gallstone chronic pancreatitis"",
""DOMAIN_ID"": ""Condition"",
""INVALID_REASON"": ""V"",
""INVALID_REASON_CAPTION"": ""Valid"",
""STANDARD_CONCEPT"": ""S"",
""STANDARD_CONCEPT_CAPTION"": ""Standard"",
""VOCABULARY_ID"": ""SNOMED"" 
} 
} 
]"
